articulo,value
DRIVERLED-12V-100W-IP67-O,0
DRIVERLED-12V-100W-PR,0
DRIVERLED-12V-100W-PR-S,0
DRIVERLED-12V-12W-PI,0
DRIVERLED-12V-12W-PI-L,0
DRIVERLED-12V-150W-PR,0
DRIVERLED-12V-150W-PR-S,0
DRIVERLED-12V-15W-PR,0
DRIVERLED-12V-200W-IP66,0
DRIVERLED-12V-200W-IP67-O,0
DRIVERLED-12V-200W-PR,0
DRIVERLED-12V-200W-PR-S,0
DRIVERLED-12V-24W-PI-L,0
DRIVERLED-12V-25W-PR-S,0
DRIVERLED-12V-360W-PR,0
DRIVERLED-12V-360W-PR-S,0
DRIVERLED-12V-36W-IP66,0
DRIVERLED-12V-36W-IP67-O,0
DRIVERLED-12V-36W-PI,0
DRIVERLED-12V-480W-PR-S,0
DRIVERLED-12V-48W-PI,0
DRIVERLED-12V-48W-PI-L,0
DRIVERLED-12V-500W-PR,0
DRIVERLED-12V-50W-PR,0
DRIVERLED-12V-60W-PR-S,0
DRIVERLED-24V-100W-IP67,0
DRIVERLED-24V-100W-IP67-O,0
DRIVERLED-24V-100W-PR,0
DRIVERLED-24V-120W-PR-S,0
DRIVERLED-24V-180W-PR-S,0
DRIVERLED-24V-200W-IP67,0
DRIVERLED-24V-200W-IP67-O,0
DRIVERLED-24V-200W-PR,0
DRIVERLED-24V-360W-PR,0
DRIVERLED-24V-360W-PR-S,0
DRIVERLED-24V-36W-IP67,0
DRIVERLED-24V-36W-IP67-O,0
DRIVERLED-24V-36W-PI,0
DRIVERLED-24V-36W-PI-L,0
DRIVERLED-24V-40W-R,0
DRIVERLED-24V-60W-DIM,0
DRIVERLED-24V-72W-SLIM,0
DRIVERLED-24V-80W-R,0
EXHIB-H-MLED-2835SMD-127V/BC,0
EXHIB-H-MLED-2835SMD-127V/LD,0
EXHIB-H-MLED-5050SMD-127V/BC,0
EXHIB-H-MLED-5050SMD-127V/LD,0
EXHIB-H-TLED-120-2835/BC,0
EXHIB-H-TLED-120-2835/LD,0
EXHIB-H-TLED-60-2835/BC,0
EXHIB-H-TLED-60-2835/LD,0
EXHIB-H-TLED-60-5050/BC,0
EXHIB-H-TLED-60-5050/LD,0
EXHIB-H-TLED-60-IP65-2835/BC,0
EXHIB-H-TLED-60-IP65-2835/LD,0
EXHIB-MLED-3528SMD-127V/BC,0
EXHIB-MLED-3528SMD-127V/LD,0
EXHIB-MLED-3528SMD-127V-10M/LD,0
EXHIB-MLED-5050SMD-127V/2500K,0
EXHIB-MLED-5050SMD-127V/BC,0
EXHIB-MLED-5050SMD-127V/LD,0
EXHIB-MLED-5050SMD-127V-10M/BC,0
EXHIB-MLED-5050SMD-DP-127V/BC,0
EXHIB-MLED-5050SMD-DP-127V/LD,0
EXHIB-MLED-5M-CCT-127V,0
EXHIB-MLED-5M-RGB-127V,0
EXHIB-MLED-60-14.4W-5050/BC,0
EXHIB-MLED-60-14.4W-5050/LD,0
EXHIB-MLED-60-4.8W-5/2500K,0
EXHIB-MLED-60-4.8W-5/BC,0
EXHIB-MLED-60-4.8W-5/LD,0
EXHIB-MLED-60-IP45-127V/2700K,0
EXHIB-MLED-60-IP45-127V/AMB,0
EXHIB-MLED-60-IP45-127V/AZ,0
EXHIB-MLED-60-IP45-127V/BC,0
EXHIB-MLED-60-IP45-127V/LD,0
EXHIB-MLED-60-IP45-127V/RO,0
EXHIB-MLED-60-IP45-127V/VE,0
EXHIB-MLED-60-IP45-127V-CD/AMB,0
EXHIB-MLED-60-IP45-127V-CD/BC,0
EXHIB-MLED-60-IP45-127V-CD/LD,0
EXHIB-MLED-60-IP45-5050-127V/2500K,0
EXHIB-MLED-60-IP45-5050-127V/AMB,0
EXHIB-MLED-60-IP45-5050-127V/BC,0
EXHIB-MLED-60-IP45-5050-127V/LD,0
EXHIB-MLED-60-IP45-5050-127V-CD/2500K,0
EXHIB-MLED-60-IP45-5050-127V-CD/AMB,0
EXHIB-MLED-60-IP45-5050-127V-CD/BC,0
EXHIB-MLED-60-IP45-5050-127V-CD/LD,0
EXHIB-MLED-60-IP68-12V/BC,0
EXHIB-MLED-60-IP68-12V/LD,0
EXHIB-MLED-60-IP68-5050/BC,0
EXHIB-MLED-60-IP68-5050/LD,0
EXHIB-MLED-NEON-10-127V/BC,0
EXHIB-MLED-NEON-10-127V/LD,0
EXHIB-MLED-NEON-20-127V/BC,0
EXHIB-MLED-NEON-20-127V/LD,0
EXHIB-MLED-NEON-8,0
EXHIB-PL-100-AL,0
EXHIB-PL-200-13519-AL,0
EXHIB-PL-200-16019-BL,0
EXHIB-PL-200-1908-AL,0
EXHIB-PL-200-1918-AL,0
EXHIB-PL-200-1919U-AL,0
EXHIB-PL-200-1970-AL,0
EXHIB-PL-200-2020-PP,0
EXHIB-PL-200-2319-PP,0
EXHIB-PL-200-3031-PP,0
EXHIB-PL-200-5252-AL,0
EXHIB-PL-200-6214-AL,0
EXHIB-PL-200-7024-AL,0
EXHIB-PL-200-AL,0
EXHIB-PLMX-250-0607-PC,0
EXHIB-PLMX-250-0907-PC,0
EXHIB-PLMX-250-1111-PC,0
EXHIB-PLMX-250-1524-AL,0
EXHIB-PLMX-250-1806-AL,0
EXHIB-PLMX-250-1818U-AL,0
EXHIB-PLMX-250-1913-S-AL,0
EXHIB-PLMX-250-1913-S-ALB,0
EXHIB-PLMX-250-1913-S-BN,0
EXHIB-PLMX-250-1913-S-CH,0
EXHIB-PLMX-250-1913-S-GR,0
EXHIB-PLMX-250-1913-S-MN,0
EXHIB-PLMX-250-1913-S-MO,0
EXHIB-PLMX-250-1913-S-NBR,0
EXHIB-PLMX-250-1913-S-NG,0
EXHIB-PLMX-250-1913-S-NR,0
EXHIB-PLMX-250-2020C-PP,0
EXHIB-PLMX-250-2020E-PP,0
EXHIB-PLMX-250-2212-AL,0
EXHIB-PLMX-250-2319-PP,0
EXHIB-PLMX-250-2613-AL,0
EXHIB-PLMX-250-2613-ALB,0
EXHIB-PLMX-250-2613-BN,0
EXHIB-PLMX-250-2613-CH,0
EXHIB-PLMX-250-2613-GR,0
EXHIB-PLMX-250-2613-MN,0
EXHIB-PLMX-250-2613-MO,0
EXHIB-PLMX-250-2613-NBR,0
EXHIB-PLMX-250-2613-NG,0
EXHIB-PLMX-250-2613-NR,0
EXHIB-PLMX-250-6113-AL,0
EXHIB-PLMX-250-8452-AL,0
EXHIB-PLMX-250-8452-C1,0
EXHIB-PLMX-250-8452-C2,0
EXHIB-PLMX-250-A-PC,0
EXHIB-PLMX-250-C-PC,0
EXHIB-PLMX-250-R-PC,0
EXHIB-SER-IP44-E27-24W-LEDS14,0
EXHIB-TCH-LED-5050/RGB,0
EXHIB-TLED-168-2110/3000K,0
EXHIB-TLED-168-2110/4000K,0
EXHIB-TLED-240-2110-24V/1800K,0
EXHIB-TLED-240-2110-24V/3000K,0
EXHIB-TLED-240-2110-24V/6000K,0
EXHIB-TLED-240-2110-IP66/1800K,0
EXHIB-TLED-240-2110-IP66/3000K,0
EXHIB-TLED-240-2110-IP66/6000K,0
EXHIB-TLED-240-2216/BC,0
EXHIB-TLED-240-2216/BN,0
EXHIB-TLED-240-2216/DUAL,0
EXHIB-TLED-240-2216/LD,0
EXHIB-TLED-280-2110/1800K,0
EXHIB-TLED-280-2110/3000K,0
EXHIB-TLED-280-2110/6000K,0
EXHIB-TLED-280-2110/DUAL,0
EXHIB-TLED-2835-IP66-SS,0
EXHIB-TLED-30-5050/RGB,0
EXHIB-TLED-30-IP68-12V/RGB,0
EXHIB-TLED-60-IP67-RGBW/BC,0
EXHIB-TLED-60-IP67-RGBW/LD,0
EXHIB-TLED-90-2835/BC,0
EXHIB-TLED-90-2835/BN,0
EXHIB-TLED-90-2835/LD,0
EXHIB-TLED-90-2835-IP44/BC,0
EXHIB-TLED-90-2835-IP44/BN,0
EXHIB-TLED-90-2835-IP44/LD,0
EXHIB-TLED-COB-10W/BC,0
EXHIB-TLED-COB-10W/BN,0
EXHIB-TLED-COB-10W/DUAL,0
EXHIB-TLED-COB-10W/LD,0
EXHIB-TLED-COB-15W/RGB,0
MESSIER-II-ALB-BC,0
MESSIER-II-ALB-BN,0
MESSIER-II-ALB-DUAL,0
MESSIER-II-ALB-LD,0
MESSIER-II-ALB-RGB,0
MESSIER-II-ALB-TCH,0
MESSIER-II-BN-BC,0
MESSIER-II-BN-BN,0
MESSIER-II-BN-DUAL,0
MESSIER-II-BN-LD,0
MESSIER-II-BN-RGB,0
MESSIER-II-BN-TCH,0
MESSIER-II-CH-BC,0
MESSIER-II-CH-BN,0
MESSIER-II-CH-DUAL,0
MESSIER-II-CH-LD,0
MESSIER-II-CH-RGB,0
MESSIER-II-CH-TCH,0
MESSIER-II-GR-BC,0
MESSIER-II-GR-BN,0
MESSIER-II-GR-DUAL,0
MESSIER-II-GR-LD,0
MESSIER-II-GR-RGB,0
MESSIER-II-GR-TCH,0
MESSIER-II-MN-BC,0
MESSIER-II-MN-BN,0
MESSIER-II-MN-DUAL,0
MESSIER-II-MN-LD,0
MESSIER-II-MN-RGB,0
MESSIER-II-MN-TCH,0
MESSIER-II-MO-BC,0
MESSIER-II-MO-BN,0
MESSIER-II-MO-DUAL,0
MESSIER-II-MO-LD,0
MESSIER-II-MO-RGB,0
MESSIER-II-MO-TCH,0
MESSIER-II-NBR-BC,0
MESSIER-II-NBR-BN,0
MESSIER-II-NBR-DUAL,0
MESSIER-II-NBR-LD,0
MESSIER-II-NBR-RGB,0
MESSIER-II-NBR-TCH,0
MESSIER-II-NG-BC,0
MESSIER-II-NG-BN,0
MESSIER-II-NG-DUAL,0
MESSIER-II-NG-LD,0
MESSIER-II-NG-RGB,0
MESSIER-II-NG-TCH,0
MESSIER-II-NR-BC,0
MESSIER-II-NR-BN,0
MESSIER-II-NR-DUAL,0
MESSIER-II-NR-LD,0
MESSIER-II-NR-RGB,0
MESSIER-II-NR-TCH,0
MESSIER-IV-ALB-BC,0
MESSIER-IV-ALB-BN,0
MESSIER-IV-ALB-DUAL,0
MESSIER-IV-ALB-LD,0
MESSIER-IV-ALB-RGB,0
MESSIER-IV-ALB-TCH,0
MESSIER-IV-BN-BC,0
MESSIER-IV-BN-BN,0
MESSIER-IV-BN-DUAL,0
MESSIER-IV-BN-LD,0
MESSIER-IV-BN-RGB,0
MESSIER-IV-BN-TCH,0
MESSIER-IV-CH-BC,0
MESSIER-IV-CH-BN,0
MESSIER-IV-CH-DUAL,0
MESSIER-IV-CH-LD,0
MESSIER-IV-CH-RGB,0
MESSIER-IV-CH-TCH,0
MESSIER-IV-GR-BC,0
MESSIER-IV-GR-BN,0
MESSIER-IV-GR-DUAL,0
MESSIER-IV-GR-LD,0
MESSIER-IV-GR-RGB,0
MESSIER-IV-GR-TCH,0
MESSIER-IV-MN-BC,0
MESSIER-IV-MN-BN,0
MESSIER-IV-MN-DUAL,0
MESSIER-IV-MN-LD,0
MESSIER-IV-MN-RGB,0
MESSIER-IV-MN-TCH,0
MESSIER-IV-MO-BC,0
MESSIER-IV-MO-BN,0
MESSIER-IV-MO-DUAL,0
MESSIER-IV-MO-LD,0
MESSIER-IV-MO-RGB,0
MESSIER-IV-MO-TCH,0
MESSIER-IV-NBR-BC,0
MESSIER-IV-NBR-BN,0
MESSIER-IV-NBR-DUAL,0
MESSIER-IV-NBR-LD,0
MESSIER-IV-NBR-RGB,0
MESSIER-IV-NBR-TCH,0
MESSIER-IV-NG-BC,0
MESSIER-IV-NG-BN,0
MESSIER-IV-NG-DUAL,0
MESSIER-IV-NG-LD,0
MESSIER-IV-NG-RGB,0
MESSIER-IV-NG-TCH,0
MESSIER-IV-NR-BC,0
MESSIER-IV-NR-BN,0
MESSIER-IV-NR-DUAL,0
MESSIER-IV-NR-LD,0
MESSIER-IV-NR-RGB,0
MESSIER-IV-NR-TCH,0
MLED-10M-CCT-127V,0
MLED-10M-RGB-127V,0
MLED-120-28.8W-5/BC,0
MLED-120-28.8W-5/LD,0
MLED-127V-IP45-FP-CD,0
MLED-1-5050SMD,0
MLED-1-5050SMD-DP,0
MLED-1-SMD,0
MLED2-25/AM,0
MLED2-25/AZ,0
MLED2-25/BC,0
MLED2-25/LD,0
MLED2-25/RO,0
MLED2-25/VE,0
MLED2-25MB/BC,0
MLED2-25MB/LD,0
MLED-2-5050SMD,0
MLED-2-5050SMD-DP,0
MLED-2H,0
MLED-2H-1/25,0
MLED-2H-2/25,0
MLED-2H-3/25,0
MLED-2H-4/25,0
MLED-2H-5/25,0
MLED-2H-6/25,0
MLED-2H-7/25,0
MLED-2H-8/25,0
MLED-2-SMD,0
MLED-3 (accesorio),0
MLED3-25/30,0
MLED3-25/41.,0
MLED3-25/65,0
MLED3-25/AM,0
MLED3-25/AZ,0
MLED3-25/RO,0
MLED3-25/VE,0
MLED-3-5050SMD,0
MLED-3-5050SMD-DP,0
MLED-3528SMD-127V/BC,0